l_english:
  #Africa
    #Central Africa
      #Kongo Region
 ngono_area: "Ngono"

    #East Africa
      #Great Lakes Region
 egaso_ngiro_area: "Ewaso Ng'iro"
 igombe_area: "Igombe"
 malawi_area: "Malawi Rift"
 rift_valley_area: "Rift Valley"
 victoria_area: "Lake Victoria"
      #Ethiopia Region
 central_ethiopia_area: "Central Ethiopia"
 northern_ethiopia_area: "Northern Ethiopia"
 southern_ethiopia_area: "Southern Ethiopia"
      #Nubia Region
 butana_area: "Butana"
 darfur_area: "Kordofan"
 equatoria_area: "Equatoria"
 nubia_proper_area: "Nubia"
      #Somalia Region
 inner_somalia_area: "Inner Somalia"
 northern_somalia_area: "Northern Somalia"
 southern_somalia_area: "Southern Somalia"
      #Madagascar Region
 east_african_island_area: "East African Islands"
 east_madagascar_area: "East Madagascar"
 malagasy_highlands_area: "Malagasy Highlands"
 north_madagascar_area: "North Madagascar"
 west_madagascar_area: "West Madagascar"
      #Swahili Coast Region 
 mozambique_area: "Mozambique"
 rufiji_area: "Rufiji"
 ruvuma_lurio_area: "Ruvuma-Lurio"
 tana_area: "Tana"
 wami_area: "Wami"
 

    #North Africa
      #Egypt Region
 lower_egypt_area: "Behæira"
 upper_egypt_area: "Sahiyd"
 sinai_area: "Sina"
 cyrenaica_area: "Kyrēnaykæ"
      #Maghreb Region
 algiers_area: "Al-Maġrib al-Awsat"
 atlas_high_plateau: "Atlas High Plateau"
 desert_area: "Sahara Oases"
 macaronesia_area: "Macaronesia"
 macaronesia_area_ADJ: "Macaronesian"
 morocco_area: "Al-Maġrib al-Aqṣā"
 sus_area: "$sus_province$"
 tripolitania_area: "Tripoli"
 tunis_area: "Al-Maġrib al-Adna"

    #South Africa
      #South Africa Region
 southern_africa_islands_area: "Southern Africa Islands"
 goringhaikona_area: "Goringhaikona"
 umgungundlovu_area: "Umgungundlovu"
 tzaneen_area: "Tzaneen"
 thaba_bosiu_area: "Thaba Bosiu"
 karoo_area: "Karoo"
 kalahari_area: "Kalahari"
 okavango_area: "Okavango"
 namib_area: "Namib"
 cape_area: "Cape"
      #Zimbabwe Region
 limpopo_area: "Limpopo"
 zambezi_area: "Zambezi"
 save_area: "Save"

    #West Africa
      #Sahel Region
 adamawa_area: "Adamawa"
 air_area: "Air"
 bornu_area: "Bornu"
 east_mossi_area: "East Mossi"
 gao_area: "Gao"
 ghana_area: "Ghana"
 kanem_area: "Kanem"
 logone_area: "Logone"
 mali_area: "Mali"
 north_hausa_area: "North Hausaland"
 south_hausa_area: "South Hausaland"
 timbuktu_area: "Timbuktu"
 wadai_area: "Wadai"
 west_mossi_area: "West Mossi"
 western_sahara_area: "Western Sahara"
 zarma_area: "Zarma"
      #West Africa Region
 akan_area: "Akan"
 benin_area: "Benin"
 cameroon_highlands_area: "Cameroon Highlands"
 cape_verde_area: "Cape Verde"
 futa_tooro_area: "Futa Tooro"
 gambia_area: "Gambia"
 gold_coast_area: "The Gold Coast"
 gulf_of_guinea_area: "Gulf of Guinea"
 gur_area: "Gur"
 jolof_area: "Jolof"
 kong_area: "Kong"
 kru_area: "Kru"
 lower_niger_area: "Lower Niger"
 south_manding_area: "South Manding"
 upper_guinea_area: "Upper Guinea"
 west_africa_coastline: "West Africa Coastline"
 yoruba_area: "Yoruba"
        #Central Africa Region
 north_gabun_area: "North Gabun"
 south_gabun_area: "South Gabun"
 west_kongo_area: "West Kongo"
 kongo_area: "Kongo"
 south_kongo_area: "South Kongo"
 west_lunda_area: "West Lunda"
 viye_area: "Viye"
 maligo_area: "Maligo"
 east_lunda_area: "East Lunda"
 moshiko_area: "Moshiko"
 kasongo_area: "Kasongo"
 east_kongo_area: "East Kongo"
 central_africa_area: "Central Africa"

  #America
    #North America
      #Canada Region
 greenland_area: "Greenland"
 greenland_sea_area: "Greenland Sea"
 icelandic_coast_area: "Icelandic Coast"
 northern_isles_sea_area: "Northern Isles Sea"
 quebec_area: "Québec"
 laurentian_area: "Laurentians"
 lower_canada_area: "Lower Canada"
 jamesie_area: "Eastern James Bay"
 nunavik_area: "Nunavik"
 labrador_area: "Labrador"
 newfoundland_area: "Newfoundland"
 prince_edward_island_area: "Prince Edward Island"
 acadia_area: "Acadia"
 new_brunswick_area: "New Brunswick"
 eastern_ontario_area: "Eastern Ontario"
 western_ontario_area: "Western Ontario"
 northern_ontario_area: "Northern Ontario"
 northwestern_ontario_area: "Northwestern Ontario"
 greenstone_belt_area: "Abitibi Uplands"
 keewatin_area: "Keewatin"
 james_bay_lowlands_area: "Western James Bay"
 gulf_of_saint_lawrence_area: "Gulf of Saint Lawrence"
 canadian_atlantic_coast_area: "Canadian Atlantic Coast"
 labrador_sea_area: "Labrador Sea"
 hudson_bay_coast_area: "Hudson Bay Coast"
 western_greenland_sea_zones_area: "Western Greenland Sea"
 eastern_greenland_sea_area: "Eastern Greenland Sea"
 hudson_bay_sea_zones_area: "Hudson Bay"
 lousiana_sea_zones_area: "Lousiana Sea"
 great_lakes_sea_zones_area: "Great Lakes"

      #Caribbean Region
 cuba_area: "Cuba"
 hispaniola_area: "Hispaniola" #Quisqueya
 lesser_antilles_area: "Lesser Antilles"
      #Central America Region
 panama_area: "Panama"
      #East Coast Region
 massachusetts_area: "Massachusetts"
 southern_new_england_area: "Southern New England"
 vermont_area: "Vermont"
 new_hampshire_area: "New Hampshire"
 maine_area: "Maine"
 hudson_area: "Hudson"
 haudenosaunee_area: "Haudenosaunee"
 new_jersey_area: "New Jersey"
 pennsylvania_area: "Pennsylvania"
 westsylvania_area: "Allegheny"
 maryland_area: "Maryland"
 virginia_area: "Virginia"
 west_virginia_area: "West Virginia"
 north_carolina_area: "North Carolina"
 south_carolina_area: "South Carolina"
 georgia_us_area: "Georgia"
 florida_area: "Florida"
 tennessee_area: "Tennessee"
 kentucky_area: "Kentucky"
 ohio_area: "Ohio"
 indiana_area: "Indiana"
 michigan_area: "Michigan"
 illinois_area: "Illinois"
 wisconsin_area: "Wisconsin"
 alabama_area: "Alabama"
 mississippi_area: "Mississippi"
  #Louisiana Region
 louisiana_area: "Louisiana"
 arkansas_area: "Arkansas"
 missouri_area: "Missouri"
 iowa_area: "Iowa"
 minnesota_area: "Minnesota"
 superior_area: "Lake Superior"
 north_dakota_area: "North Dakota"
 south_dakota_area: "South Dakota"
 central_plains_area: "Central Great Plains"
 natahende_area: "Natahende"
 high_plains_area: "High Plains"
 badlands_area: "Wyoming"
 upper_missouri_area: "Upper Missouri"
 athabasca_area: "Athabasca"
 saskatchewan_area: "Saskatchewan" 
 keewatin_n_area: "Northern Keewatin"
 red_river_area: "Red River"
 mascarene_islands_area: "Mascarene Islands"
      #Mesoamerica
 mexihko_area: "Mexihko"
 tlaxcala_area: "Tlaxcala"
 puebla_area: "Puebla"
 guanajuato_area: "Guanajuato"
 oaxaca_area: "Oaxaca"
 veracruz_area: "Veracruz"
 huaxyacac_area: "Huāxyacac"
 tochtepec_area: "Tochtepec"
 michoacan_area: "Michoacan"
 xilotepec_area: "Xilotepec"
 xalisco_area: "Xalisco"
 aridoamerica_sea_zones_area: "Aridoamerica Sea"
 janeiro_area: "Janeiro"
 mayaab_area: "Ma'ya'ab"
 chilapan_area: "Chilapan"
 puuk_area: "Pu'uk"
 chactemal_area: "Cháak te' éemal"
 mesoamerica_sea_zones_area: "Mesoamerican Sea"
 central_america_sea_zones_area: "Central America Sea"
 peten_area: "Peten"
 tezulutlan_area: "Tezulutlan"
 kuskatan_area: "Kuskatan"
 imabite_area: "Imabite"
 nekokiaw_area: "Nekokiaw"
       #Arido America
 zacatecas_area: "Tlacuitlapan"
 baja_area: "Lower California"
 tahejoc_area: "Ge Kaachk Baasho"
 culiacan_area: "Culiacan"
 tamaulipeco_area: "Tamaulipeco"
 guachichil_area: "Guachichil"
 texas_area: "Texas"
 shiewhibak_area: "Ali Shon"
      #West Coast Region
 northwest_coast_area: "Northwest Coast"
 western_arctic_area: "Western Arctic"
 alaxsxaq_area: "Alaxsxaq"
 yukon_area: "Yukon"
 alaska_sea_zones_area: "Alaska Sea"
 columbia_interior_area: "Columbia Interior"
 california_area: "Upper California"
 great_basin_area: "Great Basin"
 rockies_area: "Rockies"
 hawaii_area: "Hawaii"
 hawaii_sea_area: "Hawaii Sea"
 cascadia_area: "Cascadia"
 cascadia_sea_zones_area: "American West Coast"
    #South America
      #Brazil Region
 amazon_area: "Amazon"
 tocantins_area: "Tocantins"
 mearim_area: "Mearim"
 paranaiba_area: "Paranaiba"
 jaguaribe_area: "Jaguaribe"
 parapitinga_area: "Parapĩtinga"
 pindorama_area: "Pindorama"
 parana_area: "Parana"
 paraguay_area: "Paraguay"
 guapore_area: "Guapore"
 uruguay_area: "Uruguay"

      #Colombia Region
 bogota_area: "Bogota"
      #Andes Region
 andes_area: "Andes"
 quitu_area: "Quitu"
 chala_area: "Chala"
 atacama_area: "Atacama"
 cuyo_area: "Cuyo"
 yunga_area: "Yunga"
 puna_area: "Puna"
 qullaw_area: "Qullaw"
 acamama_area: "Acamama"
 suni_area: "Suni"
 rupa_rupa_area: "Rupa Rupa"
 galapagos_area: "Galapagos"
 andes_sea_zones_area: "Andes Sea"
      #Chaco Region
 chaco_area: "Chaco"
 la_plata_area: "La Plata"
 ngulumapu_area: "Ngulumapu"
 juan_fernandez_area: "Juan Fernandez"
 mamore_area: "Mamore"
 paranena_area: "Paranena"
 ayoreo_area: "Ayoreo"
 moqoit_area: "Moqoit"
 pampa_area: "Pampa"
 puelmapu_area: "Puelmapu"
 patagonia_area: "Patagonia"
 falklands_area: "Falklands"
 south_georgia_area: "South Georgia"
 rapa_nui_area: "Rapa Nui"

  #Asia
    #Central Asia
      #Khorasan Region
 badakhshan_area: "Badakhšān"
 desht_kipchak_area: "Desht-i Kipchak"
 eastern_khorasan_area: "Eastern Ḫorāsān"
 khwarazm_area: "Khwarazm"
 transoxiana_area: "Transoxiana"
 western_khorasan_area: "Western Ḫorāsān"
 zhetysu_area: "Zhetysu"
 caspian_sea_area: "Caspian Sea"
    #East Asia
      #East China Region
 fujian_area: "Fújiàn" #福建
 hunan_area: "Húnán" #湖南
 wuling_area: "Wǔlíng" #武陵
 hubei_area: "Húběi" #湖北
 jiangxi_area: "Jiāngxī" #江西
 jiangnan_area: "Jiāngnán" #江南
 huaidong_area: "Huáidōng" #淮东
 huaixi_area: "Huáixī" #淮西
 taiwan_area: "Táiwān" #台灣
 zhejiang_area: "Zhèjiāng" #浙江
 east_china_coastline: "East China Coastline"
      #Japan Region 
 ezo_area: "Ezo" #蝦夷
 hokurikudou_area: "Hokurikudō" #北陸道
 kinai_area: "Kinai" #機内
 nankaidou_area: "Nankaidō" #南海道
 saikaidou_area: "Saikaidō" #西海道
 sanindou_area: "San'indō" #山陰道
 sanyoudou_area: "San'yōdō" #山陽道
 ou_area: "Ōu" #奥羽
 toukaidou_area: "Tōkaidō" #東海道
 tousandou_area: "Tōsandō" #東山道
 ryuukyuu_area: "Ryūkyū" #琉球
 japan_coastline: "Japan Coastline"
 sea_of_japan_area: "Sea of Japan"
 ryuukyuu_sea_area: "Ryūkyū Sea"
 ezo_sea: "Ezo Sea"
      #Korea Region
 gwanseo_area: "Gwanseo"
 gwandong_area: "Gwandong"
 yeongnam_area: "Yeongnam"
 gyeonggi_area: "Gyeonggi"
 honam_area: "Honam"
 haeseo_area: "Haeseo"
 hoseo_area: "Hoseo"
 gwanbuk_area: "Gwanbuk"
 korea_western_coastline: "Korea Western Coastline"
 korea_eastern_coastline: "Korea Eastern Coastline"
      #Manchuria Region
 liaodong_area: "Liáodōng" #遼東
 lower_amur_area: "Lower Amur"
 middle_amur_area: "Middle Amur"
 songhua_area: "Songhua"
 songnen_area: "Songnen"
 ussuri_area: "Ussuri"
 manchuria_coastline: "Manchuria Coastline"
      #Mongolia Region
 argun_area: "Argun"
 eastern_gobi_area: "Eastern Gobi"
 lower_selenga_area: "Lower Selenga"
 mongolian_great_lakes_area: "Mongolian Great Lakes"
 shilkari_area: "Shilkari"
 southern_gobi_area: "Southern Gobi"
 tuva_area: "Tuva"
 upper_selenga_area: "Upper Selenga"
 western_gobi_area: "Western Gobi"
      #North China Region
 beiping_area: "Běipíng" #北平
 yannan_area: "Yānnán" #燕南
 yanbei_area: "Yānběi" #燕北
 hebei_area: "Héběi" #河北
 henan_area: "Hénán" #河南
 haiyou_area: "Hǎiyòu" #海右
 shandong_area: "Shāndōng" #山東
 datong_area: "Dàtóng"
 shanxi_area: "Shānxī" #山西
 north_china_coastline: "North China Coastline"
      #South China Region
 haibei_hainan_area: "Hǎiběi Hǎinán" #海北海南
 guangdong_area: "Guǎngdōng" #廣東
 liangjiang_area: "Liǎngjiāng" #两江
 guangxi_area: "Guǎngxī" #廣西
 guizhou_area: "Guìzhōu" #貴州
 dali_area: "Dàlǐ" #大理
 yunnan_area: "Yúnnán" #雲南
 south_china_coastline: "South China Coastline"
      #Tibet Region
 amdo_area: "Amdo"
 changtang_area: "Changtang"
 kham_area: "Kham"
 ngari_area: "Ngari"
 tsang_area: "Tsang"
 u_area: "Ü"
      #West China Region
 gansu_area: "Gānsù" #甘肃/甘肅
 hexi_area: "Héxī" #河西
 longyou_area: "Lǒngyòu" #陇右
 shaanxi_area: "Shǎnxī" #陕西/陝西
 chuandong_area: "Chuāndōng" #川东
 chuannan_area: "Chuānnán" #川南
 chuanxi_area: "Chuānxī" #川西
      #xinjiang Region
 dzungaria_area: "Dzungaria"
 tarim_area: "Tarim"
    #Middle East
      #Anatolia Region
 armenian_highlands_area: "Armenian Highlands"
 cappadocia_area: "Cappadocia"
 central_anatolia_area: "Central Anatolia"
 cilicia_area: "Cilicia"
 marmara_area: "Marmara Area"
 pontus_area: "Pontus"
 west_anatolia_area: "West Anatolia"
      #Arabia Region
 bahrein_area: "Bahrein"
 hedjaz_area: "Hejaz"
 najd_area: "Najd"
 oman_area: "Oman"
 hail_area: "Al-Ḥa'il"
 north_yemen_area: "North Yemen"
 south_yemen_area: "South Yemen"
 arabian_area: "Arabian Sea"
 red_sea_area: "Red Sea"
      #Crescent Region
 iraq_arabi_area: "Irâk al-'Arabi"
 jazira_area: "Jazira"
 levant_area: "Levant"
      #Persia Region
 azerbaijan_area: "Āzarbāijān"
 baluchistan_area: "Baluchistan"
 fars_area: "Fârs"
 iraq_ajam_area: "Erāq-e Ajam"
 kerman_area: "Kermân "
 khuzestan_area: "Xūzestān and Luristān"
 kordestan_area: "Kordestān"
 mazandaran_area: "Mâzandarân"
 quhestan_area: "Kuhistān"
 sistan_area: "Sistān"
 oman_sea_zones_area: "Gulf of Oman"
 bengal_sea_zones_area: "Bengal Sea"
 western_india_sea_zones_area: "Western India Sea"
 deccan_sea_zones_area: "Deccan Sea"
    #North Asia
      #West Siberia Region
 chimgi_tura_area: "Chimgi Tura"
 qashliq_area: "Qashliq"
 irkutsk_area: "Irkutsk"
 surgut_area: "Surgut"
 mangazeya_area: "Mangazeya"
 tomsk_area: "Tomsk"
 omsk_area: "Omsk"
 kulykol_area: "Kulykol"
 bursol_area: "Bursol"
 suzun_area: "Suzun"
 kansk_area: "Kansk"
 bratsk_area: "Bratsk"
 angara_area: "Angara"
 vitim_area: "Vitim"
 anabyr_area: "Anabyr"
 yenisei_area: "Yenisei"
      #East Siberia Region
 chukchee_area: "Chukchee"
 anadyr_area: "Anadyr"
 kamchatka_area: "Kamchatka"
 chuvan_area: "Chuvan"
 kolyma_area: "Kolyma"
 yandin_area: "Yandin"
 indigirka_area: "Indigirka"
 okhotsk_coast_area: "Okhotsk Coast"
 east_stanovoi_area: "East Stanovoi"
 west_stanovoi_area: "West Stanovoi"
 amga_area: "Amga"
 yakutia_area: "Yakutia"
 lower_lena_area: "Lower Lena"
 middle_lena_area: "Middle Lena"
 upper_lena_area: "Yupper Lena"
 onoid_area: "Onoid"
 laptev_coast_area: "Laptev Coast"
 siberian_lakes_area: "Siberian Lakes"
 yakutsk_sea_area: "Yakutsk Sea"
 #West Siberia Region
    #South Asia
      #Bengal Region
 assam_area: "Assam"
 bengal_area: "Bengal"
 hill_area: "Zo Hills"
 jharkhand_area: "Jharkhand"
 mithila_area: "Mithila and Magadh"
 monyul_area: "Monyul"
 nepal_area: "Nepal"

 chota_nagpur_area: "Chota Nagpur"
 orissa_area: "Orissa"
      #Deccan Region
 andhra_area: "Andhra"
 awadh_area: "Awadh"
 bhojpur_area: "Bhojpur"
 gondwana_area: "Gondwana"
 karnakassala_area: "Karnakassala"
 konkan_area: "Konkan"
 sailan_area: "Sailan"
 maharashtra_area: "Maharashtra"
 malabar_area: "Malabar"
 rokhilkhand_area: "Rokhilkhand"
 tamil_land_area: "Tamil Nadu"
 telingana_area: "Telingana"
 vidarbha_area: "Vidarbha"
 maldives_area: "Maldives"
      #Western India Region
 gujarat_area: "Gujarat"
 malwa_area: "Malwa"
 rajputana_area: "Rajputana"
 saurashtra_area: "Saurashtra"
    #Hindustan Region
 upper_indus_area: "Upper Indus"
 sindh_area: "Sindh"
 doab_area: "Doab"
 punjab_area: "Punjab"
    #Southeast Asia
      #Indochina Region
 arakhan_area: "Arakhan"
 champa_area: "Champa" 
 chao_phraya_area: "Chao Phraya"
 irrawady_area: "Irrawady"
 irrawady_delta_area: "Irrawady Delta"
 kachin_area: "Kachin"
 khorat_plateau_area: "Khorat Plateau"
 lower_mekong_area: "Lower Mekong"
 malay_peninsula_area: "Malay Peninsula"
 northern_tai_highland_area: "Northern Tai Highland"
 red_river_delta_area: "Red River Delta"
 shan_highland_area: "Shan Highland"
 southeast_asian_coasts_area: "Southeast Asian Coasts"
      #Indonesia Region
 north_borneo_area: "North Borneo"
 south_borneo_area: "South Borneo"
 celebes_area: "Celebes"
 java_area: "Java"
 lesser_sunda_area: "Lesser Sunda"
 moluccas_area: "Moluccas"
 luzon_area: "Luzon"
 visayas_area: "Visayas"
 mindanao_area: "Mindanao"
 north_sumatra_area: "North Sumatra"
 south_sumatra_area: "South Sumatra"
 indonesia_coasts_area: "Indonesia Coast"

  #Europe
    #Eastern Europe
      #Balkan Region 
 aegean_archipelago_area: "Aegean Archipelago"
 bosnia_area: "Bosnia"
 bulgaria_area: "Bulgaria"
 croatia_area: "Croatia"
 macedonia_area: "Macedonia"
 morea_area: "Morea"
 northern_greece_area: "Northern Greece"
 serbia_area: "Serbia"
 silistria_area: "Silistria"
 slavonia_area: "Slavonia"
 slovenia_area: "Carniola"
 thrace_area: "Thrace"
      #Carpathia Region
 north_alfold_area: "North Alföld"
 south_alfold_area: "South Alföld"
 transdanubia_area: "Transdanubia"
 moldavia_area: "Moldavia"
 slovakia_area: "Slovakia"
 transylvania_area: "Transylvania"
 wallachia_area: "Wallachia"
      #Caucasus Region
 armenia_area: "Armenia"
 georgia_area: "Georgia"
 northern_caucasus_area: "Northern  Caucasus"
 shirvan_area: "Shirvan"
      #Poland Region
 central_poland_area: "Central Poland"
 greater_poland_area: "Greater Poland"
 lesser_poland_area: "Lesser Poland"
 lithuania_area: "Lithuania"
 mazovia_area: "Mazovia"
 prussia_area: "Prussia"
 samogitia_area: "Samogitia"
      #Russia Region
 moscow_area: "Moscow"
 smolensk_area: "Smolensk"
 oka_area: "Oka"
 sloboda_ukraine_area: "Sloboda"
 ryazan_area: "Ryazan"
 west_novgorod_area: "West Novgorod"
 east_novgorod_area: "East Novgorod"
 tambov_area: "Tambov"
 samara_area: "Samara"
 nizhny_novgorod_area: "Nizhny Novgorod"
 suzdal_area: "Suzdal"
 vladimir_area: "Vladimir"
 tver_area: "Tver"
 yaroslavl_area: "Yaroslavl"
 beloozero_area: "Beloozero"
 totma_area: "Totma"
      #Ruthenia Region
 black_ruthenia_area: "Black Ruthenia"
 left_bank_ukraine_area: "Left Bank Ukraine"
 podolia_area: "Podolia"
 polesia_area: "Polesia"
 red_ruthenia_area: "Red Ruthenia"
 right_bank_ukraine_area: "Right Bank Ukraine"
 severia_area: "Severia"
 volhynia_area: "Volhynia"
 white_ruthenia_area: "White Ruthenia"
      #Steppes Region
 crimea_area: "Crimea"
 matrega_area: "Matrega"
 yedisan_area: "Yedisan"
 zaporizhzhia_area: "Zaporizhzhia"
 pryazovia_area: "Pryazovia"
 azov_area: "Azov"
 lower_don_area: "Lower Don"
 astrakhan_area: "Astrakhan"
 majar_area: "Majar"
 lower_yik_area: "Lower Yik"
 samar_area: "Samar"
 kursk_area: "Kursk"
      #Ural Region
 kazan_area: "Kazan"
 vyatka_area: "Vyatka"
 bolghar_area: "Bolghar"
 bashkiria_area: "Bashkiria"
 karagay_area: "Karagay"
 perm_area: "Perm"
 ust_sysola_area: "Ust-Sysola"
 vorkuta_area: "Vorkuta"
 ural_area: "Ural"
      #White Sea Region
 pomorye_area: "Pomorye"
 arkhangelsk_area: "Arkhangelsk"
 karelia_area: "Karelia"
 kola_area: "Kola"
 russian_coastline: "Russian Coastline"
    #Western Europe
      #France Region
 alsace_area: "Alsace"
 alsace_area_ADJ: "Alsatian"
 anjou_area: "Anjou"
 anjou_area_ADJ: "Angevin"
 auvergne_area: "Auvergne"
 brittany_area: "Brittany"
 brittany_area_ADJ: "Breton"
 burgundy_area: "Burgundy"
 burgundy_area_ADJ: "Burgundian"
 champagne_area: "Champagne"
 champagne_area_ADJ: "Champagnois"
 franche_comte_area: "Franche-Comté"
 franche_comte_area_ADJ: "Comtois"
 gascony_area: "Gascony"
 gascony_area_ADJ: "Gascon"
 guyenne_area: "Guyenne"
 guyenne_area_ADJ: "Guyennois"
 ile_de_france_area: "Île-de-France"
 ile_de_france_area_ADJ: "Francien"
 lorraine_area: "Lorraine"
 lorraine_area_ADJ: "Lorrain"
 lyonnais_area: "Lyonnais"
 normandy_area: "Normandy"
 normandy_area_ADJ: "Norman"
 orleanais_area: "Orleanais"
 orleanais_area_ADJ: "Orleanais"
 picardy_area: "Picardy"
 picardy_area_ADJ: "Picard"
 poitou_area: "Poitou"
 poitou_area_ADJ: "Poitevin"
 provence_area: "Provence"
 provence_area_ADJ: "Provençal"
 savoy_area: "Savoy and Dauphiné"
 savoy_area_ADJ: "Savoyard"
 languedoc_area: "Languedoc"
 languedoc_area_ADJ: "Languedocien"
      #Great Britain Region
 east_anglia_area: "East Anglia"
 home_counties_area: "Home Counties"
 midlands_area: "Mercia"
 northumbria_area: "Northumbria"
 scottish_highlands_area: "Highlands"
 hebrides_area: "Hebrides"
 hebrides_area_ADJ: "Hebridean"
 scottish_lowlands_area: "Lowlands"
 wales_area: "Wales"
 northern_isles_area: "Northern Isles"
 west_country_area: "West Country"
      #Iberia Region
 andalusia_area: "Andalusia"
 andalusia_area_ADJ: "Andalusi"
 aragon_area: "Aragon"
 aragon_area_ADJ: "Aragonese" 
 balearics_area: "Balearics"
 balearics_area_ADJ: "Balearic"
 castile_area: "Castile"
 castile_area_ADJ: "Castilian"
 catalonia_area: "Catalonia"
 catalonia_area_ADJ: "Catalonian"
 granada_area: "$granada$"
 granada_area_ADJ: "Granadine"
 extremadura_area: "Extremadura"
 extremadura_area_ADJ: "Extremaduran"
 galicia_area: "Galicia"
 galicia_area_ADJ: "Galician"
 leon_area: "$leon_province$"
 leon_area_ADJ: "Leonese"
 murcia_area: "Murcia"
 navarre_area: "Navarra"
 navarre_area_ADJ: "Navarrese"
 north_portugal_area: "North Portugal"
 north_portugal_area_ADJ: "Northern Portuguese"
 south_portugal_area: "South Portugal"
 south_portugal_area_ADJ: "Southern Portuguese"
 toledo_area: "$toledo_province$"
 toledo_area_ADJ: "Toledan"
 valencia_area: "$valencia_province$"
 valencia_area_ADJ: "Valencian"
      #Ireland Region
 connaught_area: "Connaught"
 leinster_area: "Leinster"
 munster_area: "Munster"
 ulster_area: "Ulster"
      #Italy Region
 abruzzo_area: "Abruzzi"
 apulia_area: "Apulia"
 basilicata_area: "Basilicata and Calabria"
 campania_area: "Campania and Principato"
 emilia_area: "Emilia and Romagna"
 lazio_area: "Lazio"
 liguria_area: "Liguria and Corsica"
 lombardy_area: "Lombardy"
 marche_area: "Marche and Umbria"
 piemonte_area: "Piedmont"
 sardinia_area: "Sardinia"
 sicily_area: "Sicily"
 tuscany_area: "Tuscany"
 veneto_area: "Veneto and Friuli"
      #Scandinavia Region
 denmark_area: "Danmark"
 gotaland_area: "Götaland"
 iceland_area: "Iceland"
 nord_norge_area: "Nord-Norge"
 skaneland_area: "Skåneland"
 svealand_area: "Svealand"
 syd_norge_area: "Syd-Norge"
 scandinavian_sea_zones_area: "Scandinavian Coastline"
      #North Germany Region
 brabant_area: "Brabant"
 flanders_area: "Flanders"
 friesland_area: "Friesland"
 holland_area: "Holland"
 wallonia_area: "Wallonia"
 brandenburg_area: "Brandenburg"
 mecklenburg_area: "Mecklenburg"
      #South Germany Region
 austria_area: "Lower Austria"
 rhineland_area: "Rhineland"
 hesse_area: "Hesse"
 westphalia_area: "Westphalia"
 lower_saxony_area: "Lower Saxony"
 upper_saxony_area: "Upper Saxony"
 pomerania_area: "Pomerania"
 holstein_area: "Holstein"
 upper_austria_area: "Upper Austria"
 salzburg_area: "Salzburg"
 styria_area: "Styria"
 carinthia_area: "Carinthia"
 central_switzerland_area: "Switzerland"
 eastern_switzerland_area: "Raetia"
 western_switzerland_area: "Romandy"
 bohemia_area: "Bohemia"
 moravia_area: "Moravia"
 silesia_area: "Silesia"
 upper_rhine_area: "Upper Rhine"
 swabia_area: "Swabia"
 bavaria_area: "Bavaria"
 franconia_area: "Franconia"
 tirol_area: "Tyrol and Trentino"

   #Oceania
    #Australia
      #Australia Region
 eastern_australia_area: "Eastern Australia"
     #Papua
 eastern_australia_sea_zones_area: "Eastern Australia Sea"
 micronesia_area: "Micronesia"
 melanesia_area: "Melanesia"
 solomon_islands_area: "Solomon Islands"
 solomon_islands_coastal_sea_zones_area: "Solomon Islands Coastal Sea"
 bismarck_area: "Bismarck"
 momase_area: "Momase"
 kerema_area: "Kerema"
 milne_area: "Milne"
 wanin_area: "Wanin"
 papua_area: "Papua"
 anim_ha_area: "Anim Ha"
 papua_sea_zones_area: "Papua Sea"
 polynesia_area: "Polynesia"
    #Polynesia
      #New Zealand Region
 rekohu_area: "Rēkohu"
 lord_howe_area: "Lord Howe"
 norfolk_nz_area: "Norfolk"
 motu_maha_area: "Motu Maha"
 new_zealand_sea_zones_area: "New Zealand Sea"
 rapa_nui_sea_zones_area: "Rapa Nui Sea"
 papahanaumokuakea_area: "Papahanaumokuakea"
 hawaii_sea_zones_area: "Hawaii Sea"
 aono_raina_area: "Aono Raina"
 aono_raina_sea_zones_area: "Aono Raina Sea"
 kuki_airani_area: "Kuki Airani"
 kuki_airani_sea_zones_area: "Kuki Airani Sea"
 tuhaa_pae_area: "Tuhaa Pae"
 tuhaa_pae_sea_zones_area: "Tuhaa Pae Sea"
 te_henua_enana_area: "Te Henua Enana"
 te_henua_enana_sea_zones_area: "Te Henua Enana Sea"
 tuamotu_area: "Tuamotu"
 raeffsky_area: "Raeffsky"
 palliser_area: "Palliser"
 tuamotu_sea_zones_area: "Tuamotu Sea"
 totaiete_ma_area: "Totaiete Ma"
 totaiete_ma_sea_zones_area: "Totaiete Ma Sea"
 pitcairn_area: "Pitcairn"
 pitcairn_sea_zones_area: "Pitcairn Sea"
 rawaki_area: "Rawaki"
 rawaki_sea_zones_area: "Rawaki Sea"
 tokelau_area: "Tokelau"
 tokelau_sea_zones_area: "Tokelau Sea"
 niue_area: "Niue"
 niue_sea_zones_area: "Niue Sea"
 tuvalu_area: "Tuvalu"
 tuvalu_sea_zones_area: "Tuvalu Sea"
 futuna_area: "Futuna"
 tonga_area: "Tonga"
 tonga_sea_zones_area: "Tonga Sea"
 samoa_area: "Samoa"
 samoa_sea_zones_area: "Samoa Sea"
 nanpo_area: "Nanpō"
 nanpo_sea_zones_area: "Nanpō Sea"
 marianas_area: "Marianas"
 marianas_sea_zones_area: "Marianas Sea"
 ratak_area: "Ratak"
 ralik_area: "Ralik"
 majel_sea_zones_area: "Majel Sea"
 belau_area: "Belau"
 belau_sea_zones_area: "Belau Sea"
 chuuk_area: "Chuuk"
 chuuk_sea_zones_area: "Chuuk Sea"
 tungaru_area: "Tungaru"
 tungaru_sea_zones_area: "Tungaru Sea"
 tinputz_area: "Tinputz"
 bougainville_area: "Bougainville"
 mu_ngava_area: "Mu Ngava"
 solomon_islands_sea_zones_area: "Solomon Islands Sea"
 temotu_area: "Temotu"
 temotu_sea_zones_area: "Temotu Sea"
 vanuatu_area: "Vanuatu"
 vanuatu_sea_zones_area: "Vanuatu Sea"
 fiji_area: "Fiji"
 fiji_sea_zones_area: "Fiji Sea"
 kanaky_area: "Kanaky"
 kanaky_sea_zones_area: "Kanaky Sea"
 nauru_area: "Nauru"
 nauru_sea_zones_area: "Nauru Sea"
   #Ocean Continent
    #Ocean Subcontinent
      #Ocean Region
 atlantic_canada_area: "Atlantic Canada"
 black_sea_area: "Black Sea"
 caribbean_sea_area: "Caribbean Sea"
 alboran_sea_area: "Alboran Sea"
 tyrrhenian_sea: "Tyrrhenian Sea"
 adriatic_sea_area: "Adriatic Sea"
 ionian_sea_area: "Ionian Sea"
 aegean_sea_area: "Aegean Sea"
 albania_area: "Albania"
 levantine_sea_area: "Levantine Sea"
 libyan_sea_area: "Libyan Sea"
 central_mediterranean_sea_area: "Central Mediterranean"
 iberian_west_coast_area: "Iberian West Coast"
 southeast_baltic_sea: "Southeast Baltic Sea"
 western_mediterranean_sea_area: "Western Mediterranean"
 atlantic_west_spitzbergen_area: "Atlantic West Spitzbergen"
 atlantic_irminger_area: "Atlantic Irminger"
 atlantic_labrador_area: "Atlantic Labrador"
 atlantic_gulf_stream_area: "Atlantic Gulf Stream"
 atlantic_north_atlantic_current_area: "North Atlantic Current"
 atlantic_azores_stream_area: "Atlantic Azores Stream"
 azores_sea_area: "Azores Sea"
 bay_of_biscay_area: "Bay of Biscay"
 atlantic_north_equatorial_area: "Atlantic North Equatorial"
 atlantic_equatorial_countercurrent_area: "Atlantic Equatorial Countercurrent"
 atlantic_south_equatorial_area: "Atlantic South Equatorial"
 atlantic_saint_helena_area: "Atlantic Saint Helena"
 atlantic_saint_helena_sea_area: "Atlantic Saint Helena"
 atlantic_south_area: "Atlantic South"
 indian_horn_area: "Indian Horn"
 indian_andaman_area: "Indian Andaman"
 indian_monsoon_area: "Indian Monsoon"
 indian_equatorial_countercurrent_area: "Indian Equatorial Countercurrent"
 indian_south_equatorial_area: "Indian South Equatorial"
 indian_south_area: "Indian South"
 indian_austral_area: "Indian Austral"
 indian_north_agulhas_area: "Indian North Agulhas"
 pacific_north_area: "Pacific North"
 pacific_north_equatorial_area: "Pacific North Equatorial"
 pacific_hawaii_area: "Pacific Hawaii"
 pacific_kuro_area: "Pacific Kuro"
 pacific_south_equatorial_area: "Pacific South Equatorial"
 pacific_easter_equatorial_area: "Pacific Easter Equatorial"
 pacific_equatorial_countercurrent_area: "Pacific Equatorial Countercurrent"
 pacific_polynesia_area: "Pacific Polynesia"
 pacific_south_area: "Pacific South"
 pacific_tasmania_area: "Pacific Tasmania"
 antarctic_ocean_area: "Antarctic Ocean"
 mozambique_channel_area: "Mozambique Channel"
 cape_sea_zones: "Cape Sea"
 bengal_bay_area: "Bengal Bay"
 timor_sea_area: "Timor Sea"
 tristan_da_cunha_area: "Tristan da Cunha"
 tristan_da_cunha_sea_zones_area: "Tristan da Cunha Sea"
 bouvet_area: "Bouvet"
 
 #Australians
 western_australia_high_sea_zones_area: "Western Australia Sea"
 northern_australia_high_sea_zones_area: "Northern Australia Sea"
 eastern_australia_high_sea_zones_area: "Eastern Australia Sea"
 southern_australia_high_sea_zones_area: "Southern Australia Sea"
 southwestern_australia_area: "Southwestern Australia"
 northwestern_australia_area: "Northwestern Australia"
 australian_northern_territory_area: "Northern Territory"
 australian_yalanji_area: "Yalanji"
 southeastern_australia_area: "Southeastern Australia"
 south_australia_area: "South Australia"
 
 
 
 
 # unsorted
 
 bermuda_province: "$bermuda$"
 bermuda_area: "$bermuda$"
 
 gulf_of_mexico_area: "Gulf of Mexico"
 
 west_greenland_sea_area: "Coast of West Greenland"
 east_greenland_sea_area: "Coast of East Greenland"
 
 coast_of_portugal_province: "Coast of Portugal"
 azores_province: "The Azores"
 madeira_province: "Madeira"
 canary_island_coast: "Coast of the Canary Islands"
 coast_of_morocco: "Moroccan Coast"
 sahel_coast_province: "Sahel Coast"
 bahamans_sea_zone: "Coast of Lucayas"
 atlantic_sea_area: "Sargasso Sea"
 madeira_sea_area: "Madeira Sea"
 azores_area: "Azores"
 canary_islands_area: "Canary Islands"
 south_macaronesia_area: "South Macaronesia"
 # temporary ones
 nw_africa_coast_area: "Northwest Africa Coast"
