l_english:
 #Continents
 africa: "Africa"
 america: "America"
 asia: "Asia"
 europe: "Europe"
 oceania: "Oceania"
 ocean_continent: "Worlds Oceans"

 #Subcontinents
  #Africa
 central_africa: "Central Africa"
 east_africa: "East Africa"
 north_africa: "North Africa"
 southern_africa: "Southern Africa"
 west_africa: "Western Africa"
 central_africa_region: "Central Africa"
  #America
 north_america: "North America"
 south_america: "South America"
  #Asia
 central_asia: "Central Asia"
 china: "China"
 east_asia: "East Asia"
 middle_east: "Middle East"
 north_asia: "North Asia"
 india: "India"
 south_asia: "South Asia"
 hindustan_region: "Hindustan"
 south_east_asia: "South East Asia"
  #Europe
 eastern_europe: "Eastern Europe"
 western_europe: "Western Europe"
  #Oceania
 pacific_islands: "Pacific Islands"
 australia: "Australia"
 polynesia_region: "Polynesia"
 australasia: "Australasia"
  #Ocean Continent
 ocean_sub_continent: "Ocean"
 north_atlantic_ocean_sub_continent: "North Atlantic Ocean"
 south_atlantic_sub_continent: "South Atlantic Ocean"
 indian_ocean_sub_continent: "Indian Ocean"
 north_pacific_ocean_sub_continent: "North Pacific Ocean"
 south_pacific_ocean_sub_continent: "South Pacific Ocean"
 antarctic_ocean_sub_continent: "Antarctic Ocean"
 atlantic_ocean_continent: "Atlantic Ocean"
 indian_ocean_continent: "Indian Ocean"
 pacific_ocean_continent: "Pacific Ocean"
 antarctic_ocean_continent: "Antarctic Ocean"
 north_atlantic_islands_region: "North Atlantic Islands"
 macaronesia_region: "Macaronesia"
 central_india_region: "Central India"

#Regions
  #Africa
    #Central Africa
 kongo_region: "Kongo"
    #East Africa
 great_lakes_region: "Great Lakes"
 ethiopia_region: "Ethiopia"
 nubia_region: "Noubya"
 somalia_region: "Somalia"
 madagascar_region: "Madagascar"
 swahili_coast_region: "Swahili Coast"
    #North Africa
 egypt_region: "Masr"
 maghreb_region: "Maghreb"
    #South Africa
 southern_africa_region: "Southern Africa"
 zimbabwe_region: "Zimbabwe"
 southern_africa_islands_region: "Southern Africa Islands"
    #West Africa
 sahel_region: "Sahel" 
 guinea_region: "Guinea"
  #America
    #North America
 canada_region: "Canada"
 east_coast_region: "East Coast"
 great_plains_region: "Great Plains"
 caribbean_region: "Caribbean"
 central_america_region: "Central America"
 mesoamerica_region: "Mesoamerica"
 aridoamerica_region: "Aridoamerica"
 west_coast_region: "West Coast"
 alaska_region: "Alaska"
    #South America
 brazil_region: "Brazil"
 colombia_region: "Colombia"
 la_plata_region: "La Plata"
 andes_region: "Andes"
 chaco_region: "Chaco"
  #Asia
    #Central Asia
 khorasan_region: "Khorasan"
    #East Asia
 east_china_region: "East China"
 japan_region: "Japan"
 korea_region: "Korea"
 manchuria_region: "Manchuria"
 mongolia_region: "Mongolia"
 north_china_region: "North China"
 south_china_region: "South China"
 tibet_region: "Tibet"
 west_china_region: "West China"
 xinjiang_region: "Xinjiang"
    #Middle East
 anatolia_region: "Anatolia"
 arabia_region: "Arabia"
 crescent_region: "Crescent"
 persia_region: "Persia"
    #North Asia
 east_siberia_region: "East Siberia"
 west_siberia_region: "West Siberia"
    #South Asia
 bengal_region: "Bengal"
 deccan_region: "Deccan"
 western_india_region: "Western India"
    #Southeast Asia
 indochina_region: "Indochina"
 indonesia_region: "Indonesia"
  #Europe
    #Eastern Europe
 balkan_region: "Balkans"
 carpathia_region: "Carpathia"
 caucasus_region: "Caucasus"
 poland: "Poland"
 baltic_region: "Baltic"
 ruthenia_region: "Ruthenia"
 russian_region: "Russia"
 steppes_region: "Pontic Steppe"
 ural_region: "Ural"
 
    #Western Europe
 france_region: "France"
 great_britain_region: "Britain"
 iberia_region: "Iberia"
 iberia_region_ADJ: "Iberian"
 ireland_region: "Ireland"
 italy_region: "Italy"
 north_german_region: "Northern Germany"
 scandinavian_region: "Scandinavia"
 south_german_region: "Southern Germany"
  #Oceania
    #Australia
 australia_region: "Australia"
    #Polynesia
 new_zealand_region: "New Zealand"
 micronesia_region: "Micronesia"
 melanesia_region: "Melanesia"
  #Ocean Continent
    #Ocean Subcontinent
 ocean_region: "Ocean"
 north_atlantic_ocean_region: "North Atlantic Ocean"
 south_atlantic_region: "South Atlantic"
 indian_ocean_region: "Indian Ocean"
 north_pacific_ocean_region: "North Pacific Ocean"
 south_pacific_ocean_region: "South Pacific Ocean"
 antarctic_ocean_region: "Antarctic Ocean"